GHO (CODE),GHO (DISPLAY),GHO (URL),YEAR (DISPLAY),STARTYEAR,ENDYEAR,REGION (CODE),REGION (DISPLAY),COUNTRY (CODE),COUNTRY (DISPLAY),DIMENSION (TYPE),DIMENSION (CODE),DIMENSION (NAME),Numeric,Value,Low,High
#indicator+code,#indicator+name,#indicator+url,#date+year,#date+year+start,#date+year+end,#region+code,#region+name,#country+code,#country+name,#dimension+type,#dimension+code,#dimension+name,#indicator+value+num,#indicator+value,#indicator+value+low,#indicator+value+high
HWF_0001,"Medical doctors (per 10,000)",https://www.who.int/data/gho/data/indicators/indicator-details/GHO/medical-doctors-%28per-10-000-population%29,2012,2012,2012,WPR,Western Pacific,PHL,Philippines,,,,5.64,5.64,,
HWF_0008,Nursing personnel (number),https://www.who.int/data/gho/data/indicators/indicator-details/GHO/nursing-personnel-%28number%29,2000,2000,2000,WPR,Western Pacific,PHL,Philippines,,,,336650.0,336 650,,
HWF_0006,"Nursing and midwifery personnel (per 10,000)",https://www.who.int/data/gho/data/indicators/indicator-details/GHO/nursing-and-midwifery-personnel-%28per-10-000-population%29,2005,2005,2005,WPR,Western Pacific,PHL,Philippines,,,,41.93,41.93,,
HWF_0002,Medical doctors (number),https://www.who.int/data/gho/data/indicators/indicator-details/GHO/medical-doctors-%28number%29,2018,2018,2018,WPR,Western Pacific,PHL,Philippines,,,,76079.0,76 079,,
HWF_0005,Medical doctors not further defined (number),https://www.who.int/data/gho/data/indicators/indicator-details/GHO/medical-doctors-not-further-defined-%28number%29,2012,2012,2012,WPR,Western Pacific,PHL,Philippines,,,,56461.0,56 461,,
HWF_0021,Physiotherapists (number),https://www.who.int/data/gho/data/indicators/indicator-details/GHO/physiotherapists-%28number%29,2019,2019,2019,WPR,Western Pacific,PHL,Philippines,,,,15099.0,15 099,,
HWF_0008,Nursing personnel (number),https://www.who.int/data/gho/data/indicators/indicator-details/GHO/nursing-personnel-%28number%29,2003,2003,2003,WPR,Western Pacific,PHL,Philippines,,,,351858.0,351 858,,
HWF_0008,Nursing personnel (number),https://www.who.int/data/gho/data/indicators/indicator-details/GHO/nursing-personnel-%28number%29,2014,2014,2014,WPR,Western Pacific,PHL,Philippines,,,,398769.0,398 769,,
HWF_0005,Medical doctors not further defined (number),https://www.who.int/data/gho/data/indicators/indicator-details/GHO/medical-doctors-not-further-defined-%28number%29,2020,2020,2020,WPR,Western Pacific,PHL,Philippines,,,,84306.0,84 306,,
HWF_0007,Nursing and midwifery personnel  (number),https://www.who.int/data/gho/data/indicators/indicator-details/GHO/nursing-and-midwifery-personnel-%28number%29,2002,2002,2002,WPR,Western Pacific,PHL,Philippines,,,,347227.0,347 227,,
HWF_0001,"Medical doctors (per 10,000)",https://www.who.int/data/gho/data/indicators/indicator-details/GHO/medical-doctors-%28per-10-000-population%29,2007,2007,2007,WPR,Western Pacific,PHL,Philippines,,,,12.21,12.21,,
HWF_0005,Medical doctors not further defined (number),https://www.who.int/data/gho/data/indicators/indicator-details/GHO/medical-doctors-not-further-defined-%28number%29,2018,2018,2018,WPR,Western Pacific,PHL,Philippines,,,,76079.0,76 079,,
HWF_0007,Nursing and midwifery personnel  (number),https://www.who.int/data/gho/data/indicators/indicator-details/GHO/nursing-and-midwifery-personnel-%28number%29,2020,2020,2020,WPR,Western Pacific,PHL,Philippines,,,,535849.0,535 849,,
HWF_0008,Nursing personnel (number),https://www.who.int/data/gho/data/indicators/indicator-details/GHO/nursing-personnel-%28number%29,2013,2013,2013,WPR,Western Pacific,PHL,Philippines,,,,380096.0,380 096,,
HWF_0005,Medical doctors not further defined (number),https://www.who.int/data/gho/data/indicators/indicator-details/GHO/medical-doctors-not-further-defined-%28number%29,2015,2015,2015,WPR,Western Pacific,PHL,Philippines,,,,64109.0,64 109,,
HWF_0002,Medical doctors (number),https://www.who.int/data/gho/data/indicators/indicator-details/GHO/medical-doctors-%28number%29,2009,2009,2009,WPR,Western Pacific,PHL,Philippines,,,,116734.0,116 734,,
HWF_0009,Midwifery personnel (number),https://www.who.int/data/gho/data/indicators/indicator-details/GHO/midwifery-personnel-%28number%29,2012,2012,2012,WPR,Western Pacific,PHL,Philippines,,,,50902.0,50 902,,
HWF_0007,Nursing and midwifery personnel  (number),https://www.who.int/data/gho/data/indicators/indicator-details/GHO/nursing-and-midwifery-personnel-%28number%29,2009,2009,2009,WPR,Western Pacific,PHL,Philippines,,,,521865.0,521 865,,
HWF_0019,Medical and Pathology Laboratory scientists  (number),https://www.who.int/data/gho/data/indicators/indicator-details/GHO/medical-and-pathology-laboratory-scientists-%28number%29,2017,2017,2017,WPR,Western Pacific,PHL,Philippines,,,,40419.0,40 419,,
HWF_0002,Medical doctors (number),https://www.who.int/data/gho/data/indicators/indicator-details/GHO/medical-doctors-%28number%29,2017,2017,2017,WPR,Western Pacific,PHL,Philippines,,,,71407.0,71 407,,
HWF_0010,"Dentists (per 10,000)",https://www.who.int/data/gho/data/indicators/indicator-details/GHO/dentists-%28per-10-000-population%29,2015,2015,2015,WPR,Western Pacific,PHL,Philippines,,,,2.26,2.26,,
HWF_0006,"Nursing and midwifery personnel (per 10,000)",https://www.who.int/data/gho/data/indicators/indicator-details/GHO/nursing-and-midwifery-personnel-%28per-10-000-population%29,2000,2000,2000,WPR,Western Pacific,PHL,Philippines,,,,42.28,42.28,,
HWF_0010,"Dentists (per 10,000)",https://www.who.int/data/gho/data/indicators/indicator-details/GHO/dentists-%28per-10-000-population%29,2008,2008,2008,WPR,Western Pacific,PHL,Philippines,,,,0.2,0.2,,
HWF_0011,Dentists (number),https://www.who.int/data/gho/data/indicators/indicator-details/GHO/dentists-%28number%29,2010,2010,2010,WPR,Western Pacific,PHL,Philippines,,,,21695.0,21 695,,
HWF_0005,Medical doctors not further defined (number),https://www.who.int/data/gho/data/indicators/indicator-details/GHO/medical-doctors-not-further-defined-%28number%29,2004,2004,2004,WPR,Western Pacific,PHL,Philippines,,,,93862.0,93 862,,
HWF_0007,Nursing and midwifery personnel  (number),https://www.who.int/data/gho/data/indicators/indicator-details/GHO/nursing-and-midwifery-personnel-%28number%29,2017,2017,2017,WPR,Western Pacific,PHL,Philippines,,,,505047.0,505 047,,
HWF_0021,Physiotherapists (number),https://www.who.int/data/gho/data/indicators/indicator-details/GHO/physiotherapists-%28number%29,2015,2015,2015,WPR,Western Pacific,PHL,Philippines,,,,9010.0,9010,,
HWF_0002,Medical doctors (number),https://www.who.int/data/gho/data/indicators/indicator-details/GHO/medical-doctors-%28number%29,2012,2012,2012,WPR,Western Pacific,PHL,Philippines,,,,56461.0,56 461,,
HWF_0021,Physiotherapists (number),https://www.who.int/data/gho/data/indicators/indicator-details/GHO/physiotherapists-%28number%29,2010,2010,2010,WPR,Western Pacific,PHL,Philippines,,,,6015.0,6015,,
HWF_0005,Medical doctors not further defined (number),https://www.who.int/data/gho/data/indicators/indicator-details/GHO/medical-doctors-not-further-defined-%28number%29,2014,2014,2014,WPR,Western Pacific,PHL,Philippines,,,,61139.0,61 139,,
HWF_0019,Medical and Pathology Laboratory scientists  (number),https://www.who.int/data/gho/data/indicators/indicator-details/GHO/medical-and-pathology-laboratory-scientists-%28number%29,2012,2012,2012,WPR,Western Pacific,PHL,Philippines,,,,20474.0,20 474,,
HWF_0002,Medical doctors (number),https://www.who.int/data/gho/data/indicators/indicator-details/GHO/medical-doctors-%28number%29,2002,2002,2002,WPR,Western Pacific,PHL,Philippines,,,,90370.0,90 370,,
HWF_0008,Nursing personnel (number),https://www.who.int/data/gho/data/indicators/indicator-details/GHO/nursing-personnel-%28number%29,2018,2018,2018,WPR,Western Pacific,PHL,Philippines,,,,455061.0,455 061,,
HWF_0002,Medical doctors (number),https://www.who.int/data/gho/data/indicators/indicator-details/GHO/medical-doctors-%28number%29,2015,2015,2015,WPR,Western Pacific,PHL,Philippines,,,,64109.0,64 109,,
HWF_0006,"Nursing and midwifery personnel (per 10,000)",https://www.who.int/data/gho/data/indicators/indicator-details/GHO/nursing-and-midwifery-personnel-%28per-10-000-population%29,2002,2002,2002,WPR,Western Pacific,PHL,Philippines,,,,41.8,41.8,,
HWF_0007,Nursing and midwifery personnel  (number),https://www.who.int/data/gho/data/indicators/indicator-details/GHO/nursing-and-midwifery-personnel-%28number%29,2006,2006,2006,WPR,Western Pacific,PHL,Philippines,,,,387134.0,387 134,,
HWF_0021,Physiotherapists (number),https://www.who.int/data/gho/data/indicators/indicator-details/GHO/physiotherapists-%28number%29,2018,2018,2018,WPR,Western Pacific,PHL,Philippines,,,,13372.0,13 372,,
HWF_0006,"Nursing and midwifery personnel (per 10,000)",https://www.who.int/data/gho/data/indicators/indicator-details/GHO/nursing-and-midwifery-personnel-%28per-10-000-population%29,2013,2013,2013,WPR,Western Pacific,PHL,Philippines,,,,42.42,42.42,,
HWF_0010,"Dentists (per 10,000)",https://www.who.int/data/gho/data/indicators/indicator-details/GHO/dentists-%28per-10-000-population%29,2020,2020,2020,WPR,Western Pacific,PHL,Philippines,,,,2.53,2.53,,
HWF_0010,"Dentists (per 10,000)",https://www.who.int/data/gho/data/indicators/indicator-details/GHO/dentists-%28per-10-000-population%29,2014,2014,2014,WPR,Western Pacific,PHL,Philippines,,,,2.25,2.25,,
HWF_0008,Nursing personnel (number),https://www.who.int/data/gho/data/indicators/indicator-details/GHO/nursing-personnel-%28number%29,2007,2007,2007,WPR,Western Pacific,PHL,Philippines,,,,416055.0,416 055,,
HWF_0008,Nursing personnel (number),https://www.who.int/data/gho/data/indicators/indicator-details/GHO/nursing-personnel-%28number%29,2010,2010,2010,WPR,Western Pacific,PHL,Philippines,,,,208514.0,208 514,,
HWF_0008,Nursing personnel (number),https://www.who.int/data/gho/data/indicators/indicator-details/GHO/nursing-personnel-%28number%29,2001,2001,2001,WPR,Western Pacific,PHL,Philippines,,,,342441.0,342 441,,
HWF_0015,Pharmacists  (number),https://www.who.int/data/gho/data/indicators/indicator-details/GHO/pharmacists-number,2010,2010,2010,WPR,Western Pacific,PHL,Philippines,,,,24885.0,24 885,,
HWF_0019,Medical and Pathology Laboratory scientists  (number),https://www.who.int/data/gho/data/indicators/indicator-details/GHO/medical-and-pathology-laboratory-scientists-%28number%29,2015,2015,2015,WPR,Western Pacific,PHL,Philippines,,,,29133.0,29 133,,
HWF_0006,"Nursing and midwifery personnel (per 10,000)",https://www.who.int/data/gho/data/indicators/indicator-details/GHO/nursing-and-midwifery-personnel-%28per-10-000-population%29,2004,2004,2004,WPR,Western Pacific,PHL,Philippines,,,,41.56,41.56,,
HWF_0002,Medical doctors (number),https://www.who.int/data/gho/data/indicators/indicator-details/GHO/medical-doctors-%28number%29,2006,2006,2006,WPR,Western Pacific,PHL,Philippines,,,,108640.0,108 640,,
HWF_0019,Medical and Pathology Laboratory scientists  (number),https://www.who.int/data/gho/data/indicators/indicator-details/GHO/medical-and-pathology-laboratory-scientists-%28number%29,2013,2013,2013,WPR,Western Pacific,PHL,Philippines,,,,22259.0,22 259,,
HWF_0001,"Medical doctors (per 10,000)",https://www.who.int/data/gho/data/indicators/indicator-details/GHO/medical-doctors-%28per-10-000-population%29,2020,2020,2020,WPR,Western Pacific,PHL,Philippines,,,,7.52,7.52,,
HWF_0007,Nursing and midwifery personnel  (number),https://www.who.int/data/gho/data/indicators/indicator-details/GHO/nursing-and-midwifery-personnel-%28number%29,2014,2014,2014,WPR,Western Pacific,PHL,Philippines,,,,453818.0,453 818,,
HWF_0011,Dentists (number),https://www.who.int/data/gho/data/indicators/indicator-details/GHO/dentists-%28number%29,2004,2004,2004,WPR,Western Pacific,PHL,Philippines,,,,45903.0,45 903,,
HWF_0001,"Medical doctors (per 10,000)",https://www.who.int/data/gho/data/indicators/indicator-details/GHO/medical-doctors-%28per-10-000-population%29,2004,2004,2004,WPR,Western Pacific,PHL,Philippines,,,,10.86,10.86,,
HWF_0015,Pharmacists  (number),https://www.who.int/data/gho/data/indicators/indicator-details/GHO/pharmacists-number,2013,2013,2013,WPR,Western Pacific,PHL,Philippines,,,,28748.0,28 748,,
HWF_0006,"Nursing and midwifery personnel (per 10,000)",https://www.who.int/data/gho/data/indicators/indicator-details/GHO/nursing-and-midwifery-personnel-%28per-10-000-population%29,2019,2019,2019,WPR,Western Pacific,PHL,Philippines,,,,47.89,47.89,,
HWF_0006,"Nursing and midwifery personnel (per 10,000)",https://www.who.int/data/gho/data/indicators/indicator-details/GHO/nursing-and-midwifery-personnel-%28per-10-000-population%29,2001,2001,2001,WPR,Western Pacific,PHL,Philippines,,,,42.07,42.07,,
HWF_0009,Midwifery personnel (number),https://www.who.int/data/gho/data/indicators/indicator-details/GHO/midwifery-personnel-%28number%29,2019,2019,2019,WPR,Western Pacific,PHL,Philippines,,,,64726.0,64 726,,
HWF_0019,Medical and Pathology Laboratory scientists  (number),https://www.who.int/data/gho/data/indicators/indicator-details/GHO/medical-and-pathology-laboratory-scientists-%28number%29,2018,2018,2018,WPR,Western Pacific,PHL,Philippines,,,,47103.0,47 103,,
HWF_0002,Medical doctors (number),https://www.who.int/data/gho/data/indicators/indicator-details/GHO/medical-doctors-%28number%29,2004,2004,2004,WPR,Western Pacific,PHL,Philippines,,,,93862.0,93 862,,
HWF_0007,Nursing and midwifery personnel  (number),https://www.who.int/data/gho/data/indicators/indicator-details/GHO/nursing-and-midwifery-personnel-%28number%29,2012,2012,2012,WPR,Western Pacific,PHL,Philippines,,,,406803.0,406 803,,
HWF_0011,Dentists (number),https://www.who.int/data/gho/data/indicators/indicator-details/GHO/dentists-%28number%29,2011,2011,2011,WPR,Western Pacific,PHL,Philippines,,,,22266.0,22 266,,
HWF_0011,Dentists (number),https://www.who.int/data/gho/data/indicators/indicator-details/GHO/dentists-%28number%29,2020,2020,2020,WPR,Western Pacific,PHL,Philippines,,,,28375.0,28 375,,
HWF_0007,Nursing and midwifery personnel  (number),https://www.who.int/data/gho/data/indicators/indicator-details/GHO/nursing-and-midwifery-personnel-%28number%29,2019,2019,2019,WPR,Western Pacific,PHL,Philippines,,,,530692.0,530 692,,
HWF_0008,Nursing personnel (number),https://www.who.int/data/gho/data/indicators/indicator-details/GHO/nursing-personnel-%28number%29,2008,2008,2008,WPR,Western Pacific,PHL,Philippines,,,,465608.0,465 608,,
HWF_0011,Dentists (number),https://www.who.int/data/gho/data/indicators/indicator-details/GHO/dentists-%28number%29,2016,2016,2016,WPR,Western Pacific,PHL,Philippines,,,,24506.0,24 506,,
HWF_0016,Pharmaceutical Technicians and Assistants  (number),https://www.who.int/data/gho/data/indicators/indicator-details/GHO/pharmaceutical-technicians-and-assistants-%28number%29,2011,2011,2011,WPR,Western Pacific,PHL,Philippines,,,,25000.0,25 000,,
HWF_0015,Pharmacists  (number),https://www.who.int/data/gho/data/indicators/indicator-details/GHO/pharmacists-number,2015,2015,2015,WPR,Western Pacific,PHL,Philippines,,,,33712.0,33 712,,
HWF_0007,Nursing and midwifery personnel  (number),https://www.who.int/data/gho/data/indicators/indicator-details/GHO/nursing-and-midwifery-personnel-%28number%29,2011,2011,2011,WPR,Western Pacific,PHL,Philippines,,,,364518.0,364 518,,
HWF_0021,Physiotherapists (number),https://www.who.int/data/gho/data/indicators/indicator-details/GHO/physiotherapists-%28number%29,2021,2021,2021,WPR,Western Pacific,PHL,Philippines,,,,16028.0,16 028,,
HWF_0019,Medical and Pathology Laboratory scientists  (number),https://www.who.int/data/gho/data/indicators/indicator-details/GHO/medical-and-pathology-laboratory-scientists-%28number%29,2020,2020,2020,WPR,Western Pacific,PHL,Philippines,,,,55926.0,55 926,,
HWF_0002,Medical doctors (number),https://www.who.int/data/gho/data/indicators/indicator-details/GHO/medical-doctors-%28number%29,2019,2019,2019,WPR,Western Pacific,PHL,Philippines,,,,81157.0,81 157,,
HWF_0019,Medical and Pathology Laboratory scientists  (number),https://www.who.int/data/gho/data/indicators/indicator-details/GHO/medical-and-pathology-laboratory-scientists-%28number%29,2011,2011,2011,WPR,Western Pacific,PHL,Philippines,,,,19195.0,19 195,,
HWF_0015,Pharmacists  (number),https://www.who.int/data/gho/data/indicators/indicator-details/GHO/pharmacists-number,2016,2016,2016,WPR,Western Pacific,PHL,Philippines,,,,36463.0,36 463,,
HWF_0006,"Nursing and midwifery personnel (per 10,000)",https://www.who.int/data/gho/data/indicators/indicator-details/GHO/nursing-and-midwifery-personnel-%28per-10-000-population%29,2003,2003,2003,WPR,Western Pacific,PHL,Philippines,,,,41.53,41.53,,
HWF_0006,"Nursing and midwifery personnel (per 10,000)",https://www.who.int/data/gho/data/indicators/indicator-details/GHO/nursing-and-midwifery-personnel-%28per-10-000-population%29,2009,2009,2009,WPR,Western Pacific,PHL,Philippines,,,,55.29,55.29,,
HWF_0006,"Nursing and midwifery personnel (per 10,000)",https://www.who.int/data/gho/data/indicators/indicator-details/GHO/nursing-and-midwifery-personnel-%28per-10-000-population%29,2011,2011,2011,WPR,Western Pacific,PHL,Philippines,,,,37.1,37.1,,
HWF_0011,Dentists (number),https://www.who.int/data/gho/data/indicators/indicator-details/GHO/dentists-%28number%29,2018,2018,2018,WPR,Western Pacific,PHL,Philippines,,,,26685.0,26 685,,
HWF_0008,Nursing personnel (number),https://www.who.int/data/gho/data/indicators/indicator-details/GHO/nursing-personnel-%28number%29,2017,2017,2017,WPR,Western Pacific,PHL,Philippines,,,,443808.0,443 808,,
HWF_0017,Environmental and Occupational Health and Hygiene Professionals  (number),https://www.who.int/data/gho/data/indicators/indicator-details/GHO/environmental-and-occupational-health-and-hygiene-professionals-%28number%29,2015,2015,2015,WPR,Western Pacific,PHL,Philippines,,,,2737.0,2737,,
HWF_0021,Physiotherapists (number),https://www.who.int/data/gho/data/indicators/indicator-details/GHO/physiotherapists-%28number%29,2017,2017,2017,WPR,Western Pacific,PHL,Philippines,,,,11705.0,11 705,,
HWF_0001,"Medical doctors (per 10,000)",https://www.who.int/data/gho/data/indicators/indicator-details/GHO/medical-doctors-%28per-10-000-population%29,2021,2021,2021,WPR,Western Pacific,PHL,Philippines,,,,7.92,7.92,,
HWF_0011,Dentists (number),https://www.who.int/data/gho/data/indicators/indicator-details/GHO/dentists-%28number%29,2000,2000,2000,WPR,Western Pacific,PHL,Philippines,,,,8564.0,8564,,
HWF_0010,"Dentists (per 10,000)",https://www.who.int/data/gho/data/indicators/indicator-details/GHO/dentists-%28per-10-000-population%29,2018,2018,2018,WPR,Western Pacific,PHL,Philippines,,,,2.44,2.44,,
HWF_0001,"Medical doctors (per 10,000)",https://www.who.int/data/gho/data/indicators/indicator-details/GHO/medical-doctors-%28per-10-000-population%29,2019,2019,2019,WPR,Western Pacific,PHL,Philippines,,,,7.32,7.32,,
HWF_0009,Midwifery personnel (number),https://www.who.int/data/gho/data/indicators/indicator-details/GHO/midwifery-personnel-%28number%29,2013,2013,2013,WPR,Western Pacific,PHL,Philippines,,,,52938.0,52 938,,
HWF_0008,Nursing personnel (number),https://www.who.int/data/gho/data/indicators/indicator-details/GHO/nursing-personnel-%28number%29,2002,2002,2002,WPR,Western Pacific,PHL,Philippines,,,,347227.0,347 227,,
HWF_0010,"Dentists (per 10,000)",https://www.who.int/data/gho/data/indicators/indicator-details/GHO/dentists-%28per-10-000-population%29,2016,2016,2016,WPR,Western Pacific,PHL,Philippines,,,,2.3,2.3,,
HWF_0013,Dental Prosthetic Technicians (number),https://www.who.int/data/gho/data/indicators/indicator-details/GHO/dental-prosthetic-technicians-%28number%29,2019,2019,2019,WPR,Western Pacific,PHL,Philippines,,,,682.0,682,,
HWF_0001,"Medical doctors (per 10,000)",https://www.who.int/data/gho/data/indicators/indicator-details/GHO/medical-doctors-%28per-10-000-population%29,2008,2008,2008,WPR,Western Pacific,PHL,Philippines,,,,12.32,12.32,,
HWF_0021,Physiotherapists (number),https://www.who.int/data/gho/data/indicators/indicator-details/GHO/physiotherapists-%28number%29,2011,2011,2011,WPR,Western Pacific,PHL,Philippines,,,,6481.0,6481,,
HWF_0006,"Nursing and midwifery personnel (per 10,000)",https://www.who.int/data/gho/data/indicators/indicator-details/GHO/nursing-and-midwifery-personnel-%28per-10-000-population%29,2010,2010,2010,WPR,Western Pacific,PHL,Philippines,,,,26.47,26.47,,
HWF_0015,Pharmacists  (number),https://www.who.int/data/gho/data/indicators/indicator-details/GHO/pharmacists-number,2002,2002,2002,WPR,Western Pacific,PHL,Philippines,,,,46360.0,46 360,,
HWF_0006,"Nursing and midwifery personnel (per 10,000)",https://www.who.int/data/gho/data/indicators/indicator-details/GHO/nursing-and-midwifery-personnel-%28per-10-000-population%29,2016,2016,2016,WPR,Western Pacific,PHL,Philippines,,,,46.18,46.18,,
HWF_0011,Dentists (number),https://www.who.int/data/gho/data/indicators/indicator-details/GHO/dentists-%28number%29,2008,2008,2008,WPR,Western Pacific,PHL,Philippines,,,,1891.0,1891,,
HWF_0005,Medical doctors not further defined (number),https://www.who.int/data/gho/data/indicators/indicator-details/GHO/medical-doctors-not-further-defined-%28number%29,2006,2006,2006,WPR,Western Pacific,PHL,Philippines,,,,108640.0,108 640,,
HWF_0002,Medical doctors (number),https://www.who.int/data/gho/data/indicators/indicator-details/GHO/medical-doctors-%28number%29,2001,2001,2001,WPR,Western Pacific,PHL,Philippines,,,,97206.0,97 206,,
HWF_0007,Nursing and midwifery personnel  (number),https://www.who.int/data/gho/data/indicators/indicator-details/GHO/nursing-and-midwifery-personnel-%28number%29,2008,2008,2008,WPR,Western Pacific,PHL,Philippines,,,,465608.0,465 608,,
HWF_0010,"Dentists (per 10,000)",https://www.who.int/data/gho/data/indicators/indicator-details/GHO/dentists-%28per-10-000-population%29,2011,2011,2011,WPR,Western Pacific,PHL,Philippines,,,,2.27,2.27,,
HWF_0005,Medical doctors not further defined (number),https://www.who.int/data/gho/data/indicators/indicator-details/GHO/medical-doctors-not-further-defined-%28number%29,2002,2002,2002,WPR,Western Pacific,PHL,Philippines,,,,90370.0,90 370,,
HWF_0006,"Nursing and midwifery personnel (per 10,000)",https://www.who.int/data/gho/data/indicators/indicator-details/GHO/nursing-and-midwifery-personnel-%28per-10-000-population%29,2020,2020,2020,WPR,Western Pacific,PHL,Philippines,,,,47.81,47.81,,
HWF_0005,Medical doctors not further defined (number),https://www.who.int/data/gho/data/indicators/indicator-details/GHO/medical-doctors-not-further-defined-%28number%29,2007,2007,2007,WPR,Western Pacific,PHL,Philippines,,,,111233.0,111 233,,
HWF_0010,"Dentists (per 10,000)",https://www.who.int/data/gho/data/indicators/indicator-details/GHO/dentists-%28per-10-000-population%29,2000,2000,2000,WPR,Western Pacific,PHL,Philippines,,,,1.08,1.08,,
HWF_0002,Medical doctors (number),https://www.who.int/data/gho/data/indicators/indicator-details/GHO/medical-doctors-%28number%29,2013,2013,2013,WPR,Western Pacific,PHL,Philippines,,,,58598.0,58 598,,
HWF_0015,Pharmacists  (number),https://www.who.int/data/gho/data/indicators/indicator-details/GHO/pharmacists-number,2021,2021,2021,WPR,Western Pacific,PHL,Philippines,,,,53498.0,53 498,,
HWF_0019,Medical and Pathology Laboratory scientists  (number),https://www.who.int/data/gho/data/indicators/indicator-details/GHO/medical-and-pathology-laboratory-scientists-%28number%29,2019,2019,2019,WPR,Western Pacific,PHL,Philippines,,,,53922.0,53 922,,
HWF_0001,"Medical doctors (per 10,000)",https://www.who.int/data/gho/data/indicators/indicator-details/GHO/medical-doctors-%28per-10-000-population%29,2003,2003,2003,WPR,Western Pacific,PHL,Philippines,,,,12.01,12.01,,
HWF_0008,Nursing personnel (number),https://www.who.int/data/gho/data/indicators/indicator-details/GHO/nursing-personnel-%28number%29,2011,2011,2011,WPR,Western Pacific,PHL,Philippines,,,,315958.0,315 958,,
HWF_0010,"Dentists (per 10,000)",https://www.who.int/data/gho/data/indicators/indicator-details/GHO/dentists-%28per-10-000-population%29,2002,2002,2002,WPR,Western Pacific,PHL,Philippines,,,,5.2,5.2,,
HWF_0007,Nursing and midwifery personnel  (number),https://www.who.int/data/gho/data/indicators/indicator-details/GHO/nursing-and-midwifery-personnel-%28number%29,2013,2013,2013,WPR,Western Pacific,PHL,Philippines,,,,433034.0,433 034,,
HWF_0010,"Dentists (per 10,000)",https://www.who.int/data/gho/data/indicators/indicator-details/GHO/dentists-%28per-10-000-population%29,2021,2021,2021,WPR,Western Pacific,PHL,Philippines,,,,2.51,2.51,,
HWF_0001,"Medical doctors (per 10,000)",https://www.who.int/data/gho/data/indicators/indicator-details/GHO/medical-doctors-%28per-10-000-population%29,2010,2010,2010,WPR,Western Pacific,PHL,Philippines,,,,5.43,5.43,,
HWF_0005,Medical doctors not further defined (number),https://www.who.int/data/gho/data/indicators/indicator-details/GHO/medical-doctors-not-further-defined-%28number%29,2017,2017,2017,WPR,Western Pacific,PHL,Philippines,,,,71407.0,71 407,,
HWF_0011,Dentists (number),https://www.who.int/data/gho/data/indicators/indicator-details/GHO/dentists-%28number%29,2013,2013,2013,WPR,Western Pacific,PHL,Philippines,,,,22827.0,22 827,,
HWF_0007,Nursing and midwifery personnel  (number),https://www.who.int/data/gho/data/indicators/indicator-details/GHO/nursing-and-midwifery-personnel-%28number%29,2021,2021,2021,WPR,Western Pacific,PHL,Philippines,,,,541468.0,541 468,,
HWF_0006,"Nursing and midwifery personnel (per 10,000)",https://www.who.int/data/gho/data/indicators/indicator-details/GHO/nursing-and-midwifery-personnel-%28per-10-000-population%29,2007,2007,2007,WPR,Western Pacific,PHL,Philippines,,,,45.68,45.68,,
HWF_0008,Nursing personnel (number),https://www.who.int/data/gho/data/indicators/indicator-details/GHO/nursing-personnel-%28number%29,2005,2005,2005,WPR,Western Pacific,PHL,Philippines,,,,369065.0,369 065,,
HWF_0011,Dentists (number),https://www.who.int/data/gho/data/indicators/indicator-details/GHO/dentists-%28number%29,2019,2019,2019,WPR,Western Pacific,PHL,Philippines,,,,27839.0,27 839,,
HWF_0002,Medical doctors (number),https://www.who.int/data/gho/data/indicators/indicator-details/GHO/medical-doctors-%28number%29,2016,2016,2016,WPR,Western Pacific,PHL,Philippines,,,,67330.0,67 330,,
HWF_0005,Medical doctors not further defined (number),https://www.who.int/data/gho/data/indicators/indicator-details/GHO/medical-doctors-not-further-defined-%28number%29,2001,2001,2001,WPR,Western Pacific,PHL,Philippines,,,,97206.0,97 206,,
HWF_0001,"Medical doctors (per 10,000)",https://www.who.int/data/gho/data/indicators/indicator-details/GHO/medical-doctors-%28per-10-000-population%29,2001,2001,2001,WPR,Western Pacific,PHL,Philippines,,,,11.94,11.94,,
HWF_0011,Dentists (number),https://www.who.int/data/gho/data/indicators/indicator-details/GHO/dentists-%28number%29,2012,2012,2012,WPR,Western Pacific,PHL,Philippines,,,,22420.0,22 420,,
HWF_0015,Pharmacists  (number),https://www.who.int/data/gho/data/indicators/indicator-details/GHO/pharmacists-number,2020,2020,2020,WPR,Western Pacific,PHL,Philippines,,,,51320.0,51 320,,
HWF_0009,Midwifery personnel (number),https://www.who.int/data/gho/data/indicators/indicator-details/GHO/midwifery-personnel-%28number%29,2015,2015,2015,WPR,Western Pacific,PHL,Philippines,,,,56952.0,56 952,,
HWF_0007,Nursing and midwifery personnel  (number),https://www.who.int/data/gho/data/indicators/indicator-details/GHO/nursing-and-midwifery-personnel-%28number%29,2003,2003,2003,WPR,Western Pacific,PHL,Philippines,,,,351858.0,351 858,,
HWF_0008,Nursing personnel (number),https://www.who.int/data/gho/data/indicators/indicator-details/GHO/nursing-personnel-%28number%29,2006,2006,2006,WPR,Western Pacific,PHL,Philippines,,,,387134.0,387 134,,
HWF_0015,Pharmacists  (number),https://www.who.int/data/gho/data/indicators/indicator-details/GHO/pharmacists-number,2017,2017,2017,WPR,Western Pacific,PHL,Philippines,,,,41781.0,41 781,,
HWF_0009,Midwifery personnel (number),https://www.who.int/data/gho/data/indicators/indicator-details/GHO/midwifery-personnel-%28number%29,2021,2021,2021,WPR,Western Pacific,PHL,Philippines,,,,65473.0,65 473,,
HWF_0009,Midwifery personnel (number),https://www.who.int/data/gho/data/indicators/indicator-details/GHO/midwifery-personnel-%28number%29,2014,2014,2014,WPR,Western Pacific,PHL,Philippines,,,,55049.0,55 049,,
HWF_0005,Medical doctors not further defined (number),https://www.who.int/data/gho/data/indicators/indicator-details/GHO/medical-doctors-not-further-defined-%28number%29,2019,2019,2019,WPR,Western Pacific,PHL,Philippines,,,,81157.0,81 157,,
HWF_0002,Medical doctors (number),https://www.who.int/data/gho/data/indicators/indicator-details/GHO/medical-doctors-%28number%29,2020,2020,2020,WPR,Western Pacific,PHL,Philippines,,,,84306.0,84 306,,
HWF_0007,Nursing and midwifery personnel  (number),https://www.who.int/data/gho/data/indicators/indicator-details/GHO/nursing-and-midwifery-personnel-%28number%29,2015,2015,2015,WPR,Western Pacific,PHL,Philippines,,,,476849.0,476 849,,
HWF_0005,Medical doctors not further defined (number),https://www.who.int/data/gho/data/indicators/indicator-details/GHO/medical-doctors-not-further-defined-%28number%29,2021,2021,2021,WPR,Western Pacific,PHL,Philippines,,,,89533.0,89 533,,
HWF_0001,"Medical doctors (per 10,000)",https://www.who.int/data/gho/data/indicators/indicator-details/GHO/medical-doctors-%28per-10-000-population%29,2014,2014,2014,WPR,Western Pacific,PHL,Philippines,,,,5.89,5.89,,
HWF_0008,Nursing personnel (number),https://www.who.int/data/gho/data/indicators/indicator-details/GHO/nursing-personnel-%28number%29,2015,2015,2015,WPR,Western Pacific,PHL,Philippines,,,,419897.0,419 897,,
HWF_0009,Midwifery personnel (number),https://www.who.int/data/gho/data/indicators/indicator-details/GHO/midwifery-personnel-%28number%29,2016,2016,2016,WPR,Western Pacific,PHL,Philippines,,,,59270.0,59 270,,
HWF_0009,Midwifery personnel (number),https://www.who.int/data/gho/data/indicators/indicator-details/GHO/midwifery-personnel-%28number%29,2018,2018,2018,WPR,Western Pacific,PHL,Philippines,,,,63190.0,63 190,,
HWF_0009,Midwifery personnel (number),https://www.who.int/data/gho/data/indicators/indicator-details/GHO/midwifery-personnel-%28number%29,2020,2020,2020,WPR,Western Pacific,PHL,Philippines,,,,64885.0,64 885,,
HWF_0009,Midwifery personnel (number),https://www.who.int/data/gho/data/indicators/indicator-details/GHO/midwifery-personnel-%28number%29,2011,2011,2011,WPR,Western Pacific,PHL,Philippines,,,,48560.0,48 560,,
HWF_0019,Medical and Pathology Laboratory scientists  (number),https://www.who.int/data/gho/data/indicators/indicator-details/GHO/medical-and-pathology-laboratory-scientists-%28number%29,2021,2021,2021,WPR,Western Pacific,PHL,Philippines,,,,59333.0,59 333,,
HWF_0009,Midwifery personnel (number),https://www.who.int/data/gho/data/indicators/indicator-details/GHO/midwifery-personnel-%28number%29,2017,2017,2017,WPR,Western Pacific,PHL,Philippines,,,,61239.0,61 239,,
HWF_0021,Physiotherapists (number),https://www.who.int/data/gho/data/indicators/indicator-details/GHO/physiotherapists-%28number%29,2020,2020,2020,WPR,Western Pacific,PHL,Philippines,,,,16008.0,16 008,,
HWF_0015,Pharmacists  (number),https://www.who.int/data/gho/data/indicators/indicator-details/GHO/pharmacists-number,2012,2012,2012,WPR,Western Pacific,PHL,Philippines,,,,27238.0,27 238,,
HWF_0007,Nursing and midwifery personnel  (number),https://www.who.int/data/gho/data/indicators/indicator-details/GHO/nursing-and-midwifery-personnel-%28number%29,2018,2018,2018,WPR,Western Pacific,PHL,Philippines,,,,518251.0,518 251,,
HWF_0008,Nursing personnel (number),https://www.who.int/data/gho/data/indicators/indicator-details/GHO/nursing-personnel-%28number%29,2021,2021,2021,WPR,Western Pacific,PHL,Philippines,,,,475995.0,475 995,,
HWF_0007,Nursing and midwifery personnel  (number),https://www.who.int/data/gho/data/indicators/indicator-details/GHO/nursing-and-midwifery-personnel-%28number%29,2005,2005,2005,WPR,Western Pacific,PHL,Philippines,,,,369065.0,369 065,,
HWF_0002,Medical doctors (number),https://www.who.int/data/gho/data/indicators/indicator-details/GHO/medical-doctors-%28number%29,2010,2010,2010,WPR,Western Pacific,PHL,Philippines,,,,52287.0,52 287,,
HWF_0008,Nursing personnel (number),https://www.who.int/data/gho/data/indicators/indicator-details/GHO/nursing-personnel-%28number%29,2016,2016,2016,WPR,Western Pacific,PHL,Philippines,,,,433673.0,433 673,,
HWF_0002,Medical doctors (number),https://www.who.int/data/gho/data/indicators/indicator-details/GHO/medical-doctors-%28number%29,2000,2000,2000,WPR,Western Pacific,PHL,Philippines,,,,95032.0,95 032,,
HWF_0007,Nursing and midwifery personnel  (number),https://www.who.int/data/gho/data/indicators/indicator-details/GHO/nursing-and-midwifery-personnel-%28number%29,2016,2016,2016,WPR,Western Pacific,PHL,Philippines,,,,492943.0,492 943,,
HWF_0015,Pharmacists  (number),https://www.who.int/data/gho/data/indicators/indicator-details/GHO/pharmacists-number,2004,2004,2004,WPR,Western Pacific,PHL,Philippines,,,,49667.0,49 667,,
HWF_0002,Medical doctors (number),https://www.who.int/data/gho/data/indicators/indicator-details/GHO/medical-doctors-%28number%29,2014,2014,2014,WPR,Western Pacific,PHL,Philippines,,,,61139.0,61 139,,
HWF_0001,"Medical doctors (per 10,000)",https://www.who.int/data/gho/data/indicators/indicator-details/GHO/medical-doctors-%28per-10-000-population%29,2013,2013,2013,WPR,Western Pacific,PHL,Philippines,,,,5.74,5.74,,
HWF_0021,Physiotherapists (number),https://www.who.int/data/gho/data/indicators/indicator-details/GHO/physiotherapists-%28number%29,2012,2012,2012,WPR,Western Pacific,PHL,Philippines,,,,6989.0,6989,,
HWF_0006,"Nursing and midwifery personnel (per 10,000)",https://www.who.int/data/gho/data/indicators/indicator-details/GHO/nursing-and-midwifery-personnel-%28per-10-000-population%29,2018,2018,2018,WPR,Western Pacific,PHL,Philippines,,,,47.34,47.34,,
HWF_0010,"Dentists (per 10,000)",https://www.who.int/data/gho/data/indicators/indicator-details/GHO/dentists-%28per-10-000-population%29,2004,2004,2004,WPR,Western Pacific,PHL,Philippines,,,,5.31,5.31,,
HWF_0008,Nursing personnel (number),https://www.who.int/data/gho/data/indicators/indicator-details/GHO/nursing-personnel-%28number%29,2020,2020,2020,WPR,Western Pacific,PHL,Philippines,,,,470964.0,470 964,,
HWF_0012,Dental Assistants and Therapists (number),https://www.who.int/data/gho/data/indicators/indicator-details/GHO/dental-assistants-and-therapists-%28number%29,2019,2019,2019,WPR,Western Pacific,PHL,Philippines,,,,246.0,246,,
HWF_0011,Dentists (number),https://www.who.int/data/gho/data/indicators/indicator-details/GHO/dentists-%28number%29,2015,2015,2015,WPR,Western Pacific,PHL,Philippines,,,,23806.0,23 806,,
HWF_0005,Medical doctors not further defined (number),https://www.who.int/data/gho/data/indicators/indicator-details/GHO/medical-doctors-not-further-defined-%28number%29,2008,2008,2008,WPR,Western Pacific,PHL,Philippines,,,,114159.0,114 159,,
HWF_0007,Nursing and midwifery personnel  (number),https://www.who.int/data/gho/data/indicators/indicator-details/GHO/nursing-and-midwifery-personnel-%28number%29,2007,2007,2007,WPR,Western Pacific,PHL,Philippines,,,,416055.0,416 055,,
HWF_0006,"Nursing and midwifery personnel (per 10,000)",https://www.who.int/data/gho/data/indicators/indicator-details/GHO/nursing-and-midwifery-personnel-%28per-10-000-population%29,2012,2012,2012,WPR,Western Pacific,PHL,Philippines,,,,40.61,40.61,,
HWF_0024,Community Health Workers (number),https://www.who.int/data/gho/data/indicators/indicator-details/GHO/community-health-workers-%28number%29,2019,2019,2019,WPR,Western Pacific,PHL,Philippines,,,,248584.0,248 584,,
HWF_0015,Pharmacists  (number),https://www.who.int/data/gho/data/indicators/indicator-details/GHO/pharmacists-number,2011,2011,2011,WPR,Western Pacific,PHL,Philippines,,,,25911.0,25 911,,
HWF_0005,Medical doctors not further defined (number),https://www.who.int/data/gho/data/indicators/indicator-details/GHO/medical-doctors-not-further-defined-%28number%29,2000,2000,2000,WPR,Western Pacific,PHL,Philippines,,,,95032.0,95 032,,
HWF_0008,Nursing personnel (number),https://www.who.int/data/gho/data/indicators/indicator-details/GHO/nursing-personnel-%28number%29,2004,2004,2004,WPR,Western Pacific,PHL,Philippines,,,,359052.0,359 052,,
HWF_0015,Pharmacists  (number),https://www.who.int/data/gho/data/indicators/indicator-details/GHO/pharmacists-number,2014,2014,2014,WPR,Western Pacific,PHL,Philippines,,,,30908.0,30 908,,
HWF_0006,"Nursing and midwifery personnel (per 10,000)",https://www.who.int/data/gho/data/indicators/indicator-details/GHO/nursing-and-midwifery-personnel-%28per-10-000-population%29,2017,2017,2017,WPR,Western Pacific,PHL,Philippines,,,,46.71,46.71,,
HWF_0019,Medical and Pathology Laboratory scientists  (number),https://www.who.int/data/gho/data/indicators/indicator-details/GHO/medical-and-pathology-laboratory-scientists-%28number%29,2014,2014,2014,WPR,Western Pacific,PHL,Philippines,,,,25058.0,25 058,,
HWF_0001,"Medical doctors (per 10,000)",https://www.who.int/data/gho/data/indicators/indicator-details/GHO/medical-doctors-%28per-10-000-population%29,2002,2002,2002,WPR,Western Pacific,PHL,Philippines,,,,10.88,10.88,,
HWF_0015,Pharmacists  (number),https://www.who.int/data/gho/data/indicators/indicator-details/GHO/pharmacists-number,2019,2019,2019,WPR,Western Pacific,PHL,Philippines,,,,51281.0,51 281,,
HWF_0019,Medical and Pathology Laboratory scientists  (number),https://www.who.int/data/gho/data/indicators/indicator-details/GHO/medical-and-pathology-laboratory-scientists-%28number%29,2010,2010,2010,WPR,Western Pacific,PHL,Philippines,,,,18144.0,18 144,,
HWF_0002,Medical doctors (number),https://www.who.int/data/gho/data/indicators/indicator-details/GHO/medical-doctors-%28number%29,2005,2005,2005,WPR,Western Pacific,PHL,Philippines,,,,106083.0,106 083,,
HWF_0001,"Medical doctors (per 10,000)",https://www.who.int/data/gho/data/indicators/indicator-details/GHO/medical-doctors-%28per-10-000-population%29,2009,2009,2009,WPR,Western Pacific,PHL,Philippines,,,,12.37,12.37,,
HWF_0002,Medical doctors (number),https://www.who.int/data/gho/data/indicators/indicator-details/GHO/medical-doctors-%28number%29,2003,2003,2003,WPR,Western Pacific,PHL,Philippines,,,,101786.0,101 786,,
HWF_0007,Nursing and midwifery personnel  (number),https://www.who.int/data/gho/data/indicators/indicator-details/GHO/nursing-and-midwifery-personnel-%28number%29,2000,2000,2000,WPR,Western Pacific,PHL,Philippines,,,,336650.0,336 650,,
HWF_0007,Nursing and midwifery personnel  (number),https://www.who.int/data/gho/data/indicators/indicator-details/GHO/nursing-and-midwifery-personnel-%28number%29,2010,2010,2010,WPR,Western Pacific,PHL,Philippines,,,,254993.0,254 993,,
HWF_0009,Midwifery personnel (number),https://www.who.int/data/gho/data/indicators/indicator-details/GHO/midwifery-personnel-%28number%29,2010,2010,2010,WPR,Western Pacific,PHL,Philippines,,,,46479.0,46 479,,
HWF_0021,Physiotherapists (number),https://www.who.int/data/gho/data/indicators/indicator-details/GHO/physiotherapists-%28number%29,2013,2013,2013,WPR,Western Pacific,PHL,Philippines,,,,7441.0,7441,,
HWF_0005,Medical doctors not further defined (number),https://www.who.int/data/gho/data/indicators/indicator-details/GHO/medical-doctors-not-further-defined-%28number%29,2003,2003,2003,WPR,Western Pacific,PHL,Philippines,,,,101786.0,101 786,,
HWF_0010,"Dentists (per 10,000)",https://www.who.int/data/gho/data/indicators/indicator-details/GHO/dentists-%28per-10-000-population%29,2017,2017,2017,WPR,Western Pacific,PHL,Philippines,,,,2.36,2.36,,
HWF_0019,Medical and Pathology Laboratory scientists  (number),https://www.who.int/data/gho/data/indicators/indicator-details/GHO/medical-and-pathology-laboratory-scientists-%28number%29,2016,2016,2016,WPR,Western Pacific,PHL,Philippines,,,,34189.0,34 189,,
HWF_0005,Medical doctors not further defined (number),https://www.who.int/data/gho/data/indicators/indicator-details/GHO/medical-doctors-not-further-defined-%28number%29,2009,2009,2009,WPR,Western Pacific,PHL,Philippines,,,,116734.0,116 734,,
HWF_0001,"Medical doctors (per 10,000)",https://www.who.int/data/gho/data/indicators/indicator-details/GHO/medical-doctors-%28per-10-000-population%29,2017,2017,2017,WPR,Western Pacific,PHL,Philippines,,,,6.6,6.6,,
HWF_0010,"Dentists (per 10,000)",https://www.who.int/data/gho/data/indicators/indicator-details/GHO/dentists-%28per-10-000-population%29,2010,2010,2010,WPR,Western Pacific,PHL,Philippines,,,,2.25,2.25,,
HWF_0001,"Medical doctors (per 10,000)",https://www.who.int/data/gho/data/indicators/indicator-details/GHO/medical-doctors-%28per-10-000-population%29,2016,2016,2016,WPR,Western Pacific,PHL,Philippines,,,,6.31,6.31,,
HWF_0011,Dentists (number),https://www.who.int/data/gho/data/indicators/indicator-details/GHO/dentists-%28number%29,2021,2021,2021,WPR,Western Pacific,PHL,Philippines,,,,28378.0,28 378,,
HWF_0002,Medical doctors (number),https://www.who.int/data/gho/data/indicators/indicator-details/GHO/medical-doctors-%28number%29,2011,2011,2011,WPR,Western Pacific,PHL,Philippines,,,,54415.0,54 415,,
HWF_0015,Pharmacists  (number),https://www.who.int/data/gho/data/indicators/indicator-details/GHO/pharmacists-number,2018,2018,2018,WPR,Western Pacific,PHL,Philippines,,,,46267.0,46 267,,
HWF_0005,Medical doctors not further defined (number),https://www.who.int/data/gho/data/indicators/indicator-details/GHO/medical-doctors-not-further-defined-%28number%29,2010,2010,2010,WPR,Western Pacific,PHL,Philippines,,,,52287.0,52 287,,
HWF_0011,Dentists (number),https://www.who.int/data/gho/data/indicators/indicator-details/GHO/dentists-%28number%29,2014,2014,2014,WPR,Western Pacific,PHL,Philippines,,,,23302.0,23 302,,
HWF_0006,"Nursing and midwifery personnel (per 10,000)",https://www.who.int/data/gho/data/indicators/indicator-details/GHO/nursing-and-midwifery-personnel-%28per-10-000-population%29,2014,2014,2014,WPR,Western Pacific,PHL,Philippines,,,,43.73,43.73,,
HWF_0008,Nursing personnel (number),https://www.who.int/data/gho/data/indicators/indicator-details/GHO/nursing-personnel-%28number%29,2009,2009,2009,WPR,Western Pacific,PHL,Philippines,,,,521865.0,521 865,,
HWF_0005,Medical doctors not further defined (number),https://www.who.int/data/gho/data/indicators/indicator-details/GHO/medical-doctors-not-further-defined-%28number%29,2005,2005,2005,WPR,Western Pacific,PHL,Philippines,,,,106083.0,106 083,,
HWF_0010,"Dentists (per 10,000)",https://www.who.int/data/gho/data/indicators/indicator-details/GHO/dentists-%28per-10-000-population%29,2012,2012,2012,WPR,Western Pacific,PHL,Philippines,,,,2.24,2.24,,
HWF_0006,"Nursing and midwifery personnel (per 10,000)",https://www.who.int/data/gho/data/indicators/indicator-details/GHO/nursing-and-midwifery-personnel-%28per-10-000-population%29,2006,2006,2006,WPR,Western Pacific,PHL,Philippines,,,,43.25,43.25,,
HWF_0011,Dentists (number),https://www.who.int/data/gho/data/indicators/indicator-details/GHO/dentists-%28number%29,2002,2002,2002,WPR,Western Pacific,PHL,Philippines,,,,43220.0,43 220,,
HWF_0005,Medical doctors not further defined (number),https://www.who.int/data/gho/data/indicators/indicator-details/GHO/medical-doctors-not-further-defined-%28number%29,2016,2016,2016,WPR,Western Pacific,PHL,Philippines,,,,67330.0,67 330,,
HWF_0010,"Dentists (per 10,000)",https://www.who.int/data/gho/data/indicators/indicator-details/GHO/dentists-%28per-10-000-population%29,2013,2013,2013,WPR,Western Pacific,PHL,Philippines,,,,2.24,2.24,,
HWF_0002,Medical doctors (number),https://www.who.int/data/gho/data/indicators/indicator-details/GHO/medical-doctors-%28number%29,2007,2007,2007,WPR,Western Pacific,PHL,Philippines,,,,111233.0,111 233,,
HWF_0001,"Medical doctors (per 10,000)",https://www.who.int/data/gho/data/indicators/indicator-details/GHO/medical-doctors-%28per-10-000-population%29,2018,2018,2018,WPR,Western Pacific,PHL,Philippines,,,,6.95,6.95,,
HWF_0007,Nursing and midwifery personnel  (number),https://www.who.int/data/gho/data/indicators/indicator-details/GHO/nursing-and-midwifery-personnel-%28number%29,2004,2004,2004,WPR,Western Pacific,PHL,Philippines,,,,359052.0,359 052,,
HWF_0008,Nursing personnel (number),https://www.who.int/data/gho/data/indicators/indicator-details/GHO/nursing-personnel-%28number%29,2019,2019,2019,WPR,Western Pacific,PHL,Philippines,,,,465966.0,465 966,,
HWF_0006,"Nursing and midwifery personnel (per 10,000)",https://www.who.int/data/gho/data/indicators/indicator-details/GHO/nursing-and-midwifery-personnel-%28per-10-000-population%29,2008,2008,2008,WPR,Western Pacific,PHL,Philippines,,,,50.23,50.23,,
HWF_0005,Medical doctors not further defined (number),https://www.who.int/data/gho/data/indicators/indicator-details/GHO/medical-doctors-not-further-defined-%28number%29,2011,2011,2011,WPR,Western Pacific,PHL,Philippines,,,,54415.0,54 415,,
HWF_0006,"Nursing and midwifery personnel (per 10,000)",https://www.who.int/data/gho/data/indicators/indicator-details/GHO/nursing-and-midwifery-personnel-%28per-10-000-population%29,2021,2021,2021,WPR,Western Pacific,PHL,Philippines,,,,47.88,47.88,,
HWF_0001,"Medical doctors (per 10,000)",https://www.who.int/data/gho/data/indicators/indicator-details/GHO/medical-doctors-%28per-10-000-population%29,2006,2006,2006,WPR,Western Pacific,PHL,Philippines,,,,12.14,12.14,,
HWF_0002,Medical doctors (number),https://www.who.int/data/gho/data/indicators/indicator-details/GHO/medical-doctors-%28number%29,2008,2008,2008,WPR,Western Pacific,PHL,Philippines,,,,114159.0,114 159,,
HWF_0001,"Medical doctors (per 10,000)",https://www.who.int/data/gho/data/indicators/indicator-details/GHO/medical-doctors-%28per-10-000-population%29,2005,2005,2005,WPR,Western Pacific,PHL,Philippines,,,,12.05,12.05,,
HWF_0010,"Dentists (per 10,000)",https://www.who.int/data/gho/data/indicators/indicator-details/GHO/dentists-%28per-10-000-population%29,2019,2019,2019,WPR,Western Pacific,PHL,Philippines,,,,2.51,2.51,,
HWF_0005,Medical doctors not further defined (number),https://www.who.int/data/gho/data/indicators/indicator-details/GHO/medical-doctors-not-further-defined-%28number%29,2013,2013,2013,WPR,Western Pacific,PHL,Philippines,,,,58598.0,58 598,,
HWF_0001,"Medical doctors (per 10,000)",https://www.who.int/data/gho/data/indicators/indicator-details/GHO/medical-doctors-%28per-10-000-population%29,2015,2015,2015,WPR,Western Pacific,PHL,Philippines,,,,6.09,6.09,,
HWF_0001,"Medical doctors (per 10,000)",https://www.who.int/data/gho/data/indicators/indicator-details/GHO/medical-doctors-%28per-10-000-population%29,2000,2000,2000,WPR,Western Pacific,PHL,Philippines,,,,11.94,11.94,,
HWF_0021,Physiotherapists (number),https://www.who.int/data/gho/data/indicators/indicator-details/GHO/physiotherapists-%28number%29,2014,2014,2014,WPR,Western Pacific,PHL,Philippines,,,,8145.0,8145,,
HWF_0008,Nursing personnel (number),https://www.who.int/data/gho/data/indicators/indicator-details/GHO/nursing-personnel-%28number%29,2012,2012,2012,WPR,Western Pacific,PHL,Philippines,,,,355901.0,355 901,,
HWF_0007,Nursing and midwifery personnel  (number),https://www.who.int/data/gho/data/indicators/indicator-details/GHO/nursing-and-midwifery-personnel-%28number%29,2001,2001,2001,WPR,Western Pacific,PHL,Philippines,,,,342441.0,342 441,,
HWF_0011,Dentists (number),https://www.who.int/data/gho/data/indicators/indicator-details/GHO/dentists-%28number%29,2017,2017,2017,WPR,Western Pacific,PHL,Philippines,,,,25464.0,25 464,,
HWF_0001,"Medical doctors (per 10,000)",https://www.who.int/data/gho/data/indicators/indicator-details/GHO/medical-doctors-%28per-10-000-population%29,2011,2011,2011,WPR,Western Pacific,PHL,Philippines,,,,5.54,5.54,,
HWF_0006,"Nursing and midwifery personnel (per 10,000)",https://www.who.int/data/gho/data/indicators/indicator-details/GHO/nursing-and-midwifery-personnel-%28per-10-000-population%29,2015,2015,2015,WPR,Western Pacific,PHL,Philippines,,,,45.28,45.28,,
HWF_0002,Medical doctors (number),https://www.who.int/data/gho/data/indicators/indicator-details/GHO/medical-doctors-%28number%29,2021,2021,2021,WPR,Western Pacific,PHL,Philippines,,,,89533.0,89 533,,
HWF_0021,Physiotherapists (number),https://www.who.int/data/gho/data/indicators/indicator-details/GHO/physiotherapists-%28number%29,2016,2016,2016,WPR,Western Pacific,PHL,Philippines,,,,10253.0,10 253,,
